{"cameraMode":{"drawMode":0,"name":"Shaded","section":"Shading Mode"},"sceneLighting":false,"audioPlay":false,"sceneViewState":{"m_AlwaysRefresh":false,"showFog":true,"showSkybox":false,"showFlares":true,"showImageEffects":true,"showParticleSystems":true,"showVisualEffectGraphs":true,"m_FxEnabled":true},"in2DMode":false,"pivot":{"x":-0.13293147087097169,"y":-0.4032335877418518,"z":-0.5246366262435913},"rotation":{"x":-0.10319981724023819,"y":0.04799526929855347,"z":-0.005043734796345234,"w":-0.9935507774353027},"size":1.8247451782226563,"orthographic":false}