{"cameraMode":{"drawMode":0,"name":"Shaded","section":"Shading Mode"},"sceneLighting":true,"audioPlay":false,"sceneViewState":{"m_AlwaysRefresh":false,"showFog":true,"showSkybox":true,"showFlares":true,"showImageEffects":true,"showParticleSystems":true,"showVisualEffectGraphs":true,"m_FxEnabled":true},"in2DMode":false,"pivot":{"x":-8.071706771850586,"y":157.46173095703126,"z":-31.36480712890625},"rotation":{"x":0.0018634424777701498,"y":-0.9466001391410828,"z":0.3226504325866699,"w":0.006117027718573809},"size":138.20901489257813,"orthographic":false}